{
  "options": {
    "interactionInterval": 10,
    "useServerAcceleration": true,
    "optimizeCreativeSorting": true,
    "hotbarScope": "HOTBAR",
    "extraSlotScope": "EXTRA",
    "bundlesUseLeftClick": false,
    "sortOrderStr": "creative",
    "shiftSortOrderStr": "quantity",
    "ctrlSortOrderStr": "alphabet",
    "altSortOrderStr": "rawId",
    "playSoundSort": false,
    "playSoundOther": false,
    "interactionSound": "minecraft:block.note_block.xylophone",
    "soundInterval": 1,
    "soundPitchMin": 0.5,
    "soundPitchMax": 2.0,
    "soundVolume": 0.2,
    "allowSoundOverlap": true,
    "showButtons": true,
    "firstButton": "SORT",
    "secondButton": "STACK_FILL",
    "thirdButton": "TRANSFER",
    "buttonDefaultOffset": {
      "x": -4,
      "y": 0
    },
    "buttonLayouts": {
      "net.minecraft.world.entity.player.Inventory": {
        "className": "net.minecraft.world.entity.player.Inventory",
        "sortEnabled": true,
        "stackFillEnabled": true,
        "transferEnabled": true
      },
      "net.minecraft.world.inventory.ChestMenu": {
        "className": "net.minecraft.world.inventory.ChestMenu",
        "sortEnabled": true,
        "stackFillEnabled": true,
        "transferEnabled": true
      },
      "net.minecraft.world.inventory.HopperMenu": {
        "className": "net.minecraft.world.inventory.HopperMenu",
        "sortEnabled": false,
        "stackFillEnabled": false,
        "transferEnabled": true
      },
      "net.minecraft.world.inventory.HorseInventoryMenu": {
        "className": "net.minecraft.world.inventory.HorseInventoryMenu",
        "sortEnabled": true,
        "stackFillEnabled": true,
        "transferEnabled": true
      },
      "net.minecraft.world.inventory.PlayerEnderChestContainer": {
        "className": "net.minecraft.world.inventory.PlayerEnderChestContainer",
        "sortEnabled": true,
        "stackFillEnabled": true,
        "transferEnabled": true
      },
      "net.minecraft.world.inventory.ShulkerBoxMenu": {
        "className": "net.minecraft.world.inventory.ShulkerBoxMenu",
        "sortEnabled": true,
        "stackFillEnabled": true,
        "transferEnabled": true
      },
      "net.minecraft.world.level.block.entity.RandomizableContainerBlockEntity": {
        "className": "net.minecraft.world.level.block.entity.RandomizableContainerBlockEntity",
        "sortEnabled": true,
        "stackFillEnabled": true,
        "transferEnabled": true
      }
    }
  }
}