{
  "schema_version": 1,
  "failed_reloads_per_session": 5,
  "default_packs": [
    "mod_resources",
    "builtin/resource/overrides_pack",
    "builtin/overrides/golden_swet_ball/DAGoldenSwetBallFixClient",
    "file/Stay_True_1.20.zip",
    "netherexp:jne_retextures",
    "file/MandalasGUI+Dakmode_1.21.5_6.zip",
    "file/Mandala's GUI - Dark Mode Compat 0.3.1.zip",
    "file/Mandala Utopia.zip",
    "file/Mandalas_Legacy_Gui_Background.zip",
    "file/Mandala's GUI Vanilla Crosshair.zip",
    "file/Created Simple Storage 1.3.zip",
    "file/waystones_1.20.zip",
    "file/Aether Regenerated v1.2.1.zip",
    "file/Icon Xaero's 1.21.zip",
    "file/Better_Modded_GUI.zip",
    "file/NoBushyLeaves.zip",
    "file/Stay Clear V1.1 [1.20.1].zip",
    "builtin/overrides/deep_aether_emissivity",
    "file/Beautiful Enchanted Books - MC 1.20.X - 6.0.0.zip",
    "netherexp:jne_emissive",
    "file/Armor Trims Compat 1.1.zip",
    "file/Enchantment Descriptions Compat 1.2.zip",
    "delightful:overhauls"

  ],
  "default_overrides": {
    "force_compatible": true
  },
  "pack_overrides": {
    "file/WDA-NoFlyingStructures-OWEND-1.18.2-1.20.1.zip": {
      "hidden": true 
    },
    "file/WDA-VanillaLoot-1.18.2-1.19.2-0.0.1.zip": {
      "hidden": true
    },
    "file/Repurposed_Structures-Friends_And_Foes_v3.zip": {
      "hidden": true
    },
    "fabric": {
      "hidden": true
    },
    "builtin/DAGoldenSwetBallFixClient": {
      "hidden": true
    },
    "file/Farmer's Delight Cutting Compat 1.0.zip": {
      "hidden": true
    },
    "file/Repurposed_Structures-Bountiful_v2.zip": {
      "hidden": true
    },
    "file/backpacked_recipe_fix_datapack.zip": {
      "hidden": true
    },
    "file/Soul_stone_recipe_bygonenether_datapack.zip": {
      "hidden": true
    },
    "file/Quark x FD Bark Cutting Compat.zip": {
      "hidden": true
    },
    "file/Scarecrow_Obliterator.zip": {
      "hidden": true
    },
    "file/ichphilipp-s-endcity-better-end-1-18-1.zip": {
      "hidden": true
    },
    "file/BoP x FD Bark Cutting Compat.zip": {
      "hidden": true
    },
    "file/BetterEndCities-Vanilla.zip": {
      "hidden": true
    },
    "file/ichphilipp-s-endcity-vanilla-v1-1-1-18-1-e640.zip": {
      "hidden": true
    },
    "file/LessStructures-SpacingTweaks-1.20.1-2.1.56.zip": {
      "hidden": true
    },
    "file/Repurposed_Structures-Bountiful_v3.zip": {
      "hidden": true
    },
    "file/Repurposed_Structures-VillagersPlus_v3.zip": {
      "hidden": true
    },  
    "defaultresources": {
      "hidden": true
    },
    "dynamic_asset_generator:dynamic_asset_generator:builtin_assets": {
      "hidden": true
    },
    "dynamic_asset_generator:excavated_variants:assets": {
      "hidden": true
    },
    "Moonlight Mods Dynamic Assets": {
      "hidden": true
    },
    "file/Repurposed_Structures-Better_Dungeons_v5.zip": {
      "hidden": true
    },
    "file/Repurposed_Structures-Better_Strongholds_v5.zip": {
      "hidden": true
    },
    "file/Repurposed_Structures-Better_Witch_Huts_v4.zip": {
      "hidden": true
    },
    "file/Repurposed_Structures-Bygone_Nether_v2.zip": {
      "hidden": true
    },
    "file/Repurposed_Structures-Farmers_Delight_v6.zip": {
      "hidden": true
    },
    "file/Repurposed_Structures-Friends_And_Foes_v5.zip": {
      "hidden": true
    },
    "Soul_stone_recipe_bygonenether_datapack.zip": {
      "hidden": true
    },
    "builtin/deep_aether_additional_assets": {
      "hidden": true
    },
    "builtin/overrides/deep_aether_additional_assets": {
      "hidden": true
    },
    "continuity:default": {
      "hidden": true
    },
    "continuity:glass_pane_culling_fix": {
      "hidden": true
    },
    "file/SE Vanilla Consistency 1.20.1.zip": {
      "hidden": true
    },
    "file/Quark Programmer Art.zip": {
      "hidden": true
    }
  }
}